iter	Recall	Logloss
0	0.8208955224	0.6652438299
75	1	0.07370033246
150	1	0.02944412576
225	1	0.01677713279
299	1	0.01170769463
